timestamp_ms,open,high,low,close,volume
1700000000000,100.0000,101.5443,99.7000,101.2406,1000
1700003600000,101.2406,102.8052,100.9369,102.4977,1001
1700007200000,102.4977,104.0586,102.1902,103.7474,1002
1700010800000,103.7474,105.2803,103.4361,104.9654,1003
1700014400000,104.9654,106.4465,104.6505,106.1281,1004
1700018000000,106.1281,107.5347,105.8097,107.2130,1005
1700021600000,107.2130,108.5239,106.8914,108.1993,1006
1700025200000,108.1993,109.3957,107.8747,109.0685,1007
1700028800000,109.0685,110.1347,108.7413,109.8053,1008
1700032400000,109.8053,110.7290,109.4759,110.3978,1009
1700036000000,110.3978,111.1705,110.0666,110.8380,1010
1700039600000,110.8380,111.4556,110.5055,111.1222,1011
1700043200000,111.1222,111.5849,110.7888,111.2512,1012
1700046800000,111.2512,111.5849,110.8963,111.2300,1013
1700050400000,111.2300,111.5637,110.7346,111.0678,1014
1700054000000,111.0678,111.4010,110.4456,110.7779,1015
1700057600000,110.7779,111.1102,110.0456,110.3768,1016
1700061200000,110.3768,110.7079,109.5542,109.8838,1017
1700064800000,109.8838,110.2135,108.9928,109.3207,1018
1700068400000,109.3207,109.6487,108.3847,108.7108,1019
1700072000000,108.7108,109.0369,107.7539,108.0782,1020
1700075600000,108.0782,108.4024,107.1250,107.4474,1021
1700079200000,107.4474,107.7697,106.5220,106.8425,1022
1700082800000,106.8425,107.1630,105.9681,106.2870,1023
1700086400000,106.2870,106.6059,105.4856,105.8030,1024
1700090000000,105.8030,106.1204,105.0947,105.4109,1025
1700093600000,105.4109,105.7272,104.8141,105.1295,1026
1700097200000,105.1295,105.4449,104.6601,104.9751,1027
1700100800000,104.9751,105.2900,104.6469,104.9618,1028
1700104400000,104.9618,105.4168,104.6469,105.1015,1029
1700108000000,105.1015,105.7195,104.7862,105.4033,1030
1700111600000,105.4033,106.1914,105.0871,105.8738,1031
1700115200000,105.8738,106.8363,105.5562,106.5167,1032
1700118800000,106.5167,107.6552,106.1972,107.3332,1033
1700122400000,107.3332,108.6464,107.0112,108.3214,1034
1700126000000,108.3214,109.8049,107.9965,109.4764,1035
1700129600000,109.4764,111.1227,109.1480,110.7903,1036
1700133200000,110.7903,112.5887,110.4580,112.2520,1037
1700136800000,112.2520,114.1885,111.9152,113.8469,1038
1700140400000,113.8469,115.9042,113.5054,115.5576,1039
1700144000000,115.5576,117.7150,115.2109,117.3629,1040
1700147600000,117.3629,119.5964,117.0108,119.2387,1041
1700151200000,119.2387,121.5215,118.8810,121.1581,1042
1700154800000,121.1581,123.4604,120.7946,123.0911,1043
1700158400000,123.0911,125.3810,122.7218,125.0060,1044
1700162000000,125.0060,127.2499,124.6310,126.8693,1045
1700165600000,126.8693,129.0325,126.4887,128.6465,1046
1700169200000,128.6465,130.6944,128.2606,130.3034,1047
1700172800000,130.3034,132.2020,129.9125,131.8066,1048
1700176400000,131.8066,133.5238,131.4111,133.1244,1049
1700180000000,133.1244,134.6312,132.7251,134.2285,1050
1700183600000,134.2285,135.4997,133.8259,135.0944,1051
1700187200000,135.0944,136.1096,134.6891,135.7025,1052
1700190800000,135.7025,136.4468,135.2954,136.0387,1053
1700194400000,136.0387,136.5036,135.6306,136.0954,1054
1700198000000,136.0954,136.5036,135.4637,135.8713,1055
1700201600000,135.8713,136.2789,134.9659,135.3720,1056
1700205200000,135.3720,135.7781,134.2055,134.6094,1057
1700208800000,134.6094,135.0132,133.2004,133.6012,1058
1700212400000,133.6012,134.0021,131.9738,132.3709,1059
1700216000000,132.3709,132.7681,130.5533,130.9462,1060
1700219600000,130.9462,131.3390,128.9701,129.3582,1061
1700223200000,129.3582,129.7463,127.2578,127.6407,1062
1700226800000,127.6407,128.0236,125.4512,125.8287,1063
1700230400000,125.8287,126.2062,123.5858,123.9577,1064
1700234000000,123.9577,124.3296,121.6963,122.0625,1065
1700237600000,122.0625,122.4287,119.8160,120.1765,1066
1700241200000,120.1765,120.5370,117.9760,118.3310,1067
1700244800000,118.3310,118.6860,116.2050,116.5546,1068
1700248400000,116.5546,116.9043,114.5284,114.8730,1069
1700252000000,114.8730,115.2176,112.9684,113.3083,1070
1700255600000,113.3083,113.6483,111.5439,111.8796,1071
1700259200000,111.8796,112.2152,110.2702,110.6020,1072
1700262800000,110.6020,110.9338,109.1592,109.4877,1073
1700266400000,109.4877,109.8161,108.2194,108.5450,1074
1700270000000,108.5450,108.8707,107.4562,107.7795,1075
1700273600000,107.7795,108.1029,106.8717,107.1933,1076
1700277200000,107.1933,107.5149,106.4652,106.7856,1077
1700280800000,106.7856,107.1060,106.2332,106.5529,1078
1700284400000,106.5529,106.8725,106.1693,106.4887,1079
1700288000000,106.4887,106.9040,106.1693,106.5843,1080
1700291600000,106.5843,107.1484,106.2645,106.8279,1081
1700295200000,106.8279,107.5274,106.5074,107.2058,1082
1700298800000,107.2058,108.0248,106.8842,107.7017,1083
1700302400000,107.7017,108.6222,107.3786,108.2974,1084
1700306000000,108.2974,109.2993,107.9725,108.9724,1085
1700309600000,108.9724,110.0341,108.6455,109.7049,1086
1700313200000,109.7049,110.8031,109.3758,110.4717,1087
1700316800000,110.4717,111.5820,110.1402,111.2483,1088
1700320400000,111.2483,112.3460,110.9145,112.0100,1089
1700324000000,112.0100,113.0703,111.6740,112.7321,1090
1700327600000,112.7321,113.7308,112.3939,113.3906,1091
1700331200000,113.3906,114.3045,113.0504,113.9626,1092
1700334800000,113.9626,114.7707,113.6207,114.4274,1093
1700338400000,114.4274,115.1110,114.0841,114.7667,1094
1700342000000,114.7667,115.3104,114.4224,114.9655,1095
1700345600000,114.9655,115.3575,114.6206,115.0125,1096
1700349200000,115.0125,115.3575,114.5560,114.9007,1097
1700352800000,114.9007,115.2454,114.2834,114.6273,1098
1700356400000,114.6273,114.9712,113.8517,114.1943,1099
1700360000000,114.1943,114.5368,113.2671,113.6080,1100
1700363600000,113.6080,113.9488,112.5405,112.8791,1101
1700367200000,112.8791,113.2177,111.6863,112.0223,1102
1700370800000,112.0223,112.3584,110.7227,111.0558,1103
1700374400000,111.0558,111.3890,109.6705,110.0005,1104
1700378000000,110.0005,110.3305,108.5530,108.8796,1105
1700381600000,108.8796,109.2062,107.3946,107.7178,1106
1700385200000,107.7178,108.0409,106.2210,106.5406,1107
1700388800000,106.5406,106.8602,105.0576,105.3737,1108
1700392400000,105.3737,105.6898,103.9297,104.2424,1109
1700396000000,104.2424,104.5551,102.8615,103.1711,1110
1700399600000,103.1711,103.4806,101.8761,102.1826,1111
1700403200000,102.1826,102.4892,100.9945,101.2984,1112
1700406800000,101.2984,101.6023,100.2361,100.5377,1113
1700410400000,100.5377,100.8393,99.6180,99.9178,1114
1700414000000,99.9178,100.2175,99.1552,99.4536,1115
1700417600000,99.4536,99.7520,98.8605,99.1580,1116
1700421200000,99.1580,99.4554,98.7441,99.0413,1117
1700424800000,99.0413,99.4089,98.7441,99.1116,1118
1700428400000,99.1116,99.6729,98.8143,99.3747,1119
1700432000000,99.3747,100.1336,99.0766,99.8341,1120
1700435600000,99.8341,100.7922,99.5346,100.4908,1121
1700439200000,100.4908,101.6473,100.1893,101.3433,1122
1700442800000,101.3433,102.6950,101.0393,102.3878,1123
1700446400000,102.3878,103.9285,102.0806,103.6177,1124
1700450000000,103.6177,105.3387,103.3068,105.0237,1125
1700453600000,105.0237,106.9134,104.7086,106.5937,1126
1700457200000,106.5937,108.6375,106.2739,108.3126,1127
1700460800000,108.3126,110.4930,107.9877,110.1625,1128
1700464400000,110.1625,112.4588,109.8320,112.1224,1129
1700468000000,112.1224,114.5109,111.7860,114.1684,1130
1700471600000,114.1684,116.6228,113.8259,116.2740,1131
1700475200000,116.2740,118.7655,115.9252,118.4103,1132
1700478800000,118.4103,120.9081,118.0551,120.5464,1133
1700482400000,120.5464,123.0180,120.1848,122.6501,1134
1700486000000,122.6501,125.0623,122.2821,124.6882,1135
1700489600000,124.6882,127.0080,124.3142,126.6281,1136
1700493200000,126.6281,128.8232,126.2483,128.4379,1137
1700496800000,128.4379,130.4777,128.0525,130.0875,1138
1700500400000,130.0875,131.9446,129.6972,131.5499,1139
1700504000000,131.5499,133.2004,131.1553,132.8020,1140
1700507600000,132.8020,134.2267,132.4036,133.8252,1141
1700511200000,133.8252,135.0101,133.4238,134.6063,1142
1700514800000,134.6063,135.5432,134.2025,135.1378,1143
1700518400000,135.1378,135.8246,134.7324,135.4184,1144
1700522000000,135.4184,135.8593,135.0121,135.4529,1145
1700525600000,135.4529,135.8593,134.8464,135.2522,1146
1700529200000,135.2522,135.6579,134.4279,134.8324,1147
1700532800000,134.8324,135.2369,133.8122,134.2149,1148
1700536400000,134.2149,134.6175,133.0246,133.4248,1149
1700540000000,133.4248,133.8251,132.0933,132.4908,1150
1700543600000,132.4908,132.8883,131.0493,131.4436,1151
1700547200000,131.4436,131.8379,129.9243,130.3153,1152
1700550800000,130.3153,130.7062,128.7508,129.1383,1153
1700554400000,129.1383,129.5257,127.5607,127.9446,1154
1700558000000,127.9446,128.3284,126.3845,126.7648,1155
1700561600000,126.7648,127.1451,125.2510,125.6279,1156
1700565200000,125.6279,126.0048,124.1865,124.5602,1157
1700568800000,124.5602,124.9339,123.2145,123.5853,1158
1700572400000,123.5853,123.9561,122.3555,122.7237,1159
1700576000000,122.7237,123.0919,121.6266,121.9926,1160
1700579600000,121.9926,122.3586,121.0416,121.4059,1161
1700583200000,121.4059,121.7701,120.6109,120.9738,1162
1700586800000,120.9738,121.3367,120.3412,120.7033,1163
1700590400000,120.7033,121.0654,120.2361,120.5979,1164
1700594000000,120.5979,121.0195,120.2361,120.6575,1165
1700597600000,120.6575,121.2415,120.2956,120.8788,1166
1700601200000,120.8788,121.6189,120.5162,121.2551,1167
1700604800000,121.2551,122.1418,120.8914,121.7764,1168
1700608400000,121.7764,122.7968,121.4111,122.4295,1169
1700612000000,122.4295,123.5677,122.0622,123.1981,1170
1700615600000,123.1981,124.4350,122.8285,124.0628,1171
1700619200000,124.0628,125.3768,123.6907,125.0018,1172
1700622800000,125.0018,126.3682,124.6268,125.9903,1173
1700626400000,125.9903,127.3827,125.6123,127.0017,1174
1700630000000,127.0017,128.3916,126.6207,128.0075,1175
1700633600000,128.0075,129.3653,127.6235,128.9784,1176
1700637200000,128.9784,130.2738,128.5914,129.8841,1177
1700640800000,129.8841,131.0871,129.4945,130.6950,1178
1700644400000,130.6950,131.7765,130.3029,131.3823,1179
1700648000000,131.3823,132.3151,130.9882,131.9193,1180
1700651600000,131.9193,132.6788,131.5236,132.2820,1181
1700655200000,132.2820,132.8473,131.8851,132.4499,1182
1700658800000,132.4499,132.8473,132.0100,132.4072,1183
1700662400000,132.4072,132.8044,131.7463,132.1428,1184
1700666000000,132.1428,132.5392,131.2561,131.6511,1185
1700669600000,131.6511,132.0461,130.5396,130.9324,1186
1700673200000,130.9324,131.3252,129.6026,129.9926,1187
1700676800000,129.9926,130.3826,128.4568,128.8433,1188
1700680400000,128.8433,129.2298,127.1188,127.5013,1189
1700684000000,127.5013,127.8838,125.6100,125.9880,1190
1700687600000,125.9880,126.3659,123.9557,124.3287,1191
1700691200000,124.3287,124.7017,122.1843,122.5520,1192
1700694800000,122.5520,122.9196,120.3262,120.6882,1193
1700698400000,120.6882,121.0503,118.4131,118.7694,1194
1700702000000,118.7694,119.1257,116.4770,116.8275,1195
1700705600000,116.8275,117.1780,114.5496,114.8943,1196
1700709200000,114.8943,115.2390,112.6612,113.0002,1197
1700712800000,113.0002,113.3392,110.8405,111.1740,1198
1700716400000,111.1740,111.5076,109.1138,109.4421,1199
1700720000000,109.4421,109.7705,107.5050,107.8285,1200
1700723600000,107.8285,108.1519,106.0350,106.3540,1201
1700727200000,106.3540,106.6731,104.7220,105.0371,1202
1700730800000,105.0371,105.3522,103.5813,103.8929,1203
1700734400000,103.8929,104.2046,102.6251,102.9339,1204
1700738000000,102.9339,103.2427,101.8631,102.1696,1205
1700741600000,102.1696,102.4762,101.3022,101.6070,1206
1700745200000,101.6070,101.9118,100.9466,101.2503,1207
1700748800000,101.2503,101.5541,100.7981,101.1014,1208
1700752400000,101.1014,101.4630,100.7981,101.1596,1209
1700756000000,101.1596,101.7262,100.8561,101.4219,1210
1700759600000,101.4219,102.1887,101.1176,101.8831,1211
1700763200000,101.8831,102.8430,101.5774,102.5354,1212
1700766800000,102.5354,103.6789,102.2278,103.3688,1213
1700770400000,103.3688,104.6840,103.0587,104.3709,1214
1700774000000,104.3709,105.8435,104.0578,105.5269,1215
1700777600000,105.5269,107.1401,105.2103,106.8196,1216
1700781200000,106.8196,108.5542,106.4992,108.2295,1217
1700784800000,108.2295,110.0640,107.9048,109.7348,1218
1700788400000,109.7348,111.6458,109.4056,111.3119,1219
1700792000000,111.3119,113.2740,110.9779,112.9352,1220
1700795600000,112.9352,114.9215,112.5963,114.5778,1221
1700799200000,114.5778,116.5607,114.2341,116.2121,1222
1700802800000,116.2121,118.1633,115.8634,117.8099,1223
1700806400000,117.8099,119.7016,117.4565,119.3436,1224
1700810000000,119.3436,121.1490,118.9856,120.7866,1225
1700813600000,120.7866,122.4804,120.4242,122.1141,1226
1700817200000,122.1141,123.6738,121.7477,123.3038,1227
1700820800000,123.3038,124.7101,122.9339,124.3371,1228
1700824400000,124.3371,125.5746,123.9641,125.1990,1229
1700828000000,125.1990,126.2568,124.8234,125.8791,1230
1700831600000,125.8791,126.7512,125.5015,126.3721,1231
1700835200000,126.3721,127.0576,125.9930,126.6775,1232
1700838800000,126.6775,127.1806,126.2975,126.8002,1233
1700842400000,126.8002,127.1806,126.3694,126.7497,1234
1700846000000,126.7497,127.1299,126.1608,126.5404,1235
1700849600000,126.5404,126.9200,125.8120,126.1906,1236
1700853200000,126.1906,126.5692,125.3450,125.7222,1237
1700856800000,125.7222,126.0993,124.7841,125.1596,1238
1700860400000,125.1596,125.5351,124.1558,124.5293,1239
1700864000000,124.5293,124.9029,123.4875,123.8591,1240
1700867600000,123.8591,124.2307,122.8074,123.1769,1241
1700871200000,123.1769,123.5464,122.1431,122.5106,1242
1700874800000,122.5106,122.8782,121.5215,121.8872,1243
1700878400000,121.8872,122.2528,120.9680,121.3319,1244
1700882000000,121.3319,121.6959,120.5060,120.8686,1245
1700885600000,120.8686,121.2312,120.1569,120.5185,1246
1700889200000,120.5185,120.8800,119.9395,120.3004,1247
1700892800000,120.3004,120.6613,119.8697,120.2304,1248
1700896400000,120.2304,120.6827,119.8697,120.3217,1249
1700900000000,120.3217,120.9463,119.9608,120.5846,1250
1700903600000,120.5846,121.3890,120.2228,121.0260,1251
1700907200000,121.0260,122.0147,120.6629,121.6498,1252
1700910800000,121.6498,122.8239,121.2848,122.4565,1253
1700914400000,122.4565,123.8138,122.0892,123.4434,1254
1700918000000,123.4434,124.9779,123.0731,124.6041,1255
1700921600000,124.6041,126.3066,124.2303,125.9288,1256
1700925200000,125.9288,127.7862,125.5510,127.4040,1257
1700928800000,127.4040,129.3996,127.0218,129.0125,1258
1700932400000,129.0125,131.1259,128.6255,130.7337,1259
1700936000000,130.7337,132.9410,130.3415,132.5433,1260
1700939600000,132.5433,134.8169,132.1457,134.4137,1261
1700943200000,134.4137,136.7230,134.0104,136.3141,1262
1700946800000,136.3141,138.6259,135.9051,138.2112,1263
1700950400000,138.2112,140.4900,137.7966,140.0698,1264
1700954000000,140.0698,142.2786,139.6496,141.8530,1265
1700957600000,141.8530,143.9544,141.4275,143.5238,1266
1700961200000,143.5238,145.4804,143.0932,145.0453,1267
1700964800000,145.0453,146.8216,144.6102,146.3825,1268
1700968400000,146.3825,147.9452,145.9433,147.5027,1269
1700972000000,147.5027,148.8226,147.0602,148.3774,1270
1700975600000,148.3774,149.4295,147.9323,148.9826,1271
1700979200000,148.9826,149.7479,148.5356,149.3000,1272
1700982800000,149.3000,149.7660,148.8521,149.3180,1273
1700986400000,149.3180,149.7660,148.5847,149.0318,1274
1700990000000,149.0318,149.4789,147.9984,148.4438,1275
1700993600000,148.4438,148.8891,147.1209,147.5636,1276
1700997200000,147.5636,148.0063,145.9684,146.4076,1277
1701000800000,146.4076,146.8468,144.5636,144.9986,1278
1701004400000,144.9986,145.4336,142.9345,143.3646,1279
1701008000000,143.3646,143.7947,141.1135,141.5381,1280
1701011600000,141.5381,141.9628,139.1363,139.5550,1281
1701015200000,139.5550,139.9736,137.0406,137.4530,1282
1701018800000,137.4530,137.8654,134.8654,135.2712,1283
1701022400000,135.2712,135.6770,132.6491,133.0483,1284
1701026000000,133.0483,133.4474,130.4295,130.8220,1285
1701029600000,130.8220,131.2144,128.2421,128.6280,1286
1701033200000,128.6280,129.0139,126.1201,126.4996,1287
1701036800000,126.4996,126.8791,124.0933,124.4667,1288
1701040400000,124.4667,124.8401,122.1882,122.5559,1289
1701044000000,122.5559,122.9235,120.4278,120.7901,1290
1701047600000,120.7901,121.1525,118.8310,119.1886,1291
1701051200000,119.1886,119.5461,117.4133,117.7666,1292
1701054800000,117.7666,118.1199,116.1864,116.5360,1293
1701058400000,116.5360,116.8856,115.1585,115.5051,1294
1701062000000,115.5051,115.8516,114.3346,114.6786,1295
1701065600000,114.6786,115.0226,113.7161,114.0583,1296
1701069200000,114.0583,114.4005,113.3019,113.6428,1297
1701072800000,113.6428,113.9837,113.0875,113.4277,1298
1701076400000,113.4277,113.7680,113.0658,113.4061,1299
1701080000000,113.4061,113.9086,113.0658,113.5679,1300
1701083600000,113.5679,114.2426,113.2272,113.9009,1301
1701087200000,113.9009,114.7333,113.5592,114.3901,1302
1701090800000,114.3901,115.3633,114.0470,115.0182,1303
1701094400000,115.0182,116.1129,114.6732,115.7656,1304
1701098000000,115.7656,116.9605,115.4183,116.6106,1305
1701101600000,116.6106,117.8824,116.2608,117.5298,1306
1701105200000,117.5298,118.8536,117.1772,118.4981,1307
1701108800000,118.4981,119.8478,118.1426,119.4893,1308
1701112400000,119.4893,120.8381,119.1308,120.4767,1309
1701116000000,120.4767,121.7976,120.1152,121.4333,1310
1701119600000,121.4333,122.6997,121.0690,122.3327,1311
1701123200000,122.3327,123.5192,121.9657,123.1498,1312
1701126800000,123.1498,124.2328,122.7803,123.8612,1313
1701130400000,123.8612,124.8198,123.4897,124.4465,1314
1701134000000,124.4465,125.2628,124.0732,124.8882,1315
1701137600000,124.8882,125.5483,124.5135,125.1728,1316
1701141200000,125.1728,125.6671,124.7973,125.2912,1317
1701144800000,125.2912,125.6671,124.8634,125.2391,1318
1701148400000,125.2391,125.6149,124.6420,125.0170,1319
1701152000000,125.0170,125.3921,124.2563,124.6302,1320
1701155600000,124.6302,125.0041,123.7166,124.0889,1321
1701159200000,124.0889,124.4611,123.0373,123.4075,1322
1701162800000,123.4075,123.7777,122.2366,122.6044,1323
1701166400000,122.6044,122.9722,121.3362,121.7013,1324
1701170000000,121.7013,122.0664,120.3603,120.7225,1325
1701173600000,120.7225,121.0847,119.3350,119.6941,1326
1701177200000,119.6941,120.0532,118.2874,118.6433,1327
1701180800000,118.6433,118.9993,117.2452,117.5980,1328
1701184400000,117.5980,117.9508,116.2357,116.5855,1329
1701188000000,116.5855,116.9352,115.2855,115.6324,1330
1701191600000,115.6324,115.9793,114.4199,114.7642,1331
1701195200000,114.7642,115.1085,113.6625,114.0046,1332
1701198800000,114.0046,114.3466,113.0349,113.3750,1333
1701202400000,113.3750,113.7151,112.5564,112.8950,1334
1701206000000,112.8950,113.2337,112.2439,112.5817,1335
1701209600000,112.5817,112.9194,112.1120,112.4494,1336
1701213200000,112.4494,112.8478,112.1120,112.5102,1337
1701216800000,112.5102,113.1118,112.1727,112.7735,1338
1701220400000,112.7735,113.5855,112.4351,113.2458,1339
1701224000000,113.2458,114.2729,112.9061,113.9311,1340
1701227600000,113.9311,115.1751,113.5893,114.8306,1341
1701231200000,114.8306,116.2903,114.4861,115.9424,1342
1701234800000,115.9424,117.6136,115.5946,117.2618,1343
1701238400000,117.2618,119.1371,116.9100,118.7808,1344
1701242000000,118.7808,120.8496,118.4244,120.4881,1345
1701245600000,120.4881,122.7363,120.1267,122.3692,1346
1701249200000,122.3692,124.7791,122.0021,124.4059,1347
1701252800000,124.4059,126.9563,124.0327,126.5766,1348
1701256400000,126.5766,129.2426,126.1968,128.8560,1349
1701260000000,128.8560,131.6095,128.4695,131.2158,1350
1701263600000,131.2158,134.0252,130.8222,133.6243,1351
1701267200000,133.6243,136.4553,133.2234,136.0472,1352
1701270800000,136.0472,138.8634,135.6390,138.4481,1353
1701274400000,138.4481,141.2114,138.0327,140.7891,1354
1701278000000,140.7891,143.4608,140.3667,143.0317,1355
1701281600000,143.0317,145.5735,142.6026,145.1381,1356
1701285200000,145.1381,147.5128,144.7027,147.0716,1357
1701288800000,147.0716,149.2447,146.6303,148.7983,1358
1701292400000,148.7983,150.7390,148.3519,150.2881,1359
1701296000000,150.2881,151.9702,149.8372,151.5156,1360
1701299600000,151.5156,152.9186,151.0611,152.4612,1361
1701303200000,152.4612,153.5711,152.0039,153.1118,1362
1701306800000,153.1118,153.9215,152.6525,153.4611,1363
1701310400000,153.4611,153.9707,153.0007,153.5102,1364
1701314000000,153.5102,153.9707,152.8075,153.2673,1365
1701317600000,153.2673,153.7271,152.2893,152.7475,1366
1701321200000,152.7475,153.2057,151.5162,151.9721,1367
1701324800000,151.9721,152.4280,150.5150,150.9679,1368
1701328400000,150.9679,151.4208,149.3169,149.7662,1369
1701332000000,149.7662,150.2155,147.9565,148.4017,1370
1701335600000,148.4017,148.8469,146.4704,146.9111,1371
1701339200000,146.9111,147.3519,144.8966,145.3326,1372
1701342800000,145.3326,145.7686,143.2729,143.7040,1373
1701346400000,143.7040,144.1351,141.6363,142.0625,1374
1701350000000,142.0625,142.4887,140.0219,140.4432,1375
1701353600000,140.4432,140.8645,138.4623,138.8790,1376
1701357200000,138.8790,139.2956,136.9872,137.3994,1377
1701360800000,137.3994,137.8116,135.6228,136.0309,1378
1701364400000,136.0309,136.4389,134.3915,134.7959,1379
1701368000000,134.7959,135.2003,133.3120,133.7132,1380
1701371600000,133.7132,134.1143,132.3991,132.7975,1381
1701375200000,132.7975,133.1959,131.6636,132.0598,1382
1701378800000,132.0598,132.4560,131.1125,131.5070,1383
1701382400000,131.5070,131.9015,130.7489,131.1423,1384
1701386000000,131.1423,131.5357,130.5722,130.9651,1385
1701389600000,130.9651,131.3642,130.5722,130.9712,1386
1701393200000,130.9712,131.5464,130.5783,131.1530,1387
1701396800000,131.1530,131.8936,130.7595,131.4991,1388
1701400400000,131.4991,132.3911,131.1046,131.9951,1389
1701404000000,131.9951,133.0212,131.5992,132.6234,1390
1701407600000,132.6234,133.7632,132.2255,133.3631,1391
1701411200000,133.3631,134.5933,132.9630,134.1907,1392
1701414800000,134.1907,135.4856,133.7882,135.0803,1393
1701418400000,135.0803,136.4118,134.6751,136.0038,1394
1701422000000,136.0038,137.3421,135.5958,136.9313,1395
1701425600000,136.9313,138.2456,136.5205,137.8321,1396
1701429200000,137.8321,139.0911,137.4186,138.6751,1397
1701432800000,138.6751,139.8476,138.2590,139.4293,1398
1701436400000,139.4293,140.4854,139.0110,140.0653,1399
1701440000000,140.0653,140.9771,139.6451,140.5554,1400
1701443600000,140.5554,141.2978,140.1337,140.8752,1401
1701447200000,140.8752,141.4269,140.4526,141.0039,1402
1701450800000,141.0039,141.4269,140.5024,140.9252,1403
1701454400000,140.9252,141.3479,140.2061,140.6280,1404
1701458000000,140.6280,141.0499,139.6866,140.1069,1405
1701461600000,140.1069,140.5273,138.9443,139.3624,1406
1701465200000,139.3624,139.7804,137.9853,138.4005,1407
1701468800000,138.4005,138.8157,136.8219,137.2336,1408
1701472400000,137.2336,137.6453,135.4711,135.8787,1409
1701476000000,135.8787,136.2863,133.9550,134.3581,1410
1701479600000,134.3581,134.7612,132.2996,132.6977,1411
1701483200000,132.6977,133.0958,130.5341,130.9269,1412
1701486800000,130.9269,131.3197,128.6897,129.0769,1413
1701490400000,129.0769,129.4641,126.7989,127.1804,1414
1701494000000,127.1804,127.5620,124.8948,125.2706,1415
1701497600000,125.2706,125.6465,123.0100,123.3801,1416
1701501200000,123.3801,123.7503,121.1757,121.5404,1417
1701504800000,121.5404,121.9050,119.4217,119.7811,1418
1701508400000,119.7811,120.1404,117.7754,118.1298,1419
1701512000000,118.1298,118.4842,116.2616,116.6115,1420
1701515600000,116.6115,116.9613,114.9025,115.2482,1421
1701519200000,115.2482,115.5940,113.7171,114.0593,1422
1701522800000,114.0593,114.4015,112.7219,113.0611,1423
1701526400000,113.0611,113.4002,111.9300,112.2668,1424
1701530000000,112.2668,112.6036,111.3521,111.6872,1425
1701533600000,111.6872,112.0222,110.9958,111.3297,1426
1701537200000,111.3297,111.6637,110.8660,111.1996,1427
1701540800000,111.1996,111.6330,110.8660,111.2991,1428
1701544400000,111.2991,111.9628,110.9652,111.6279,1429
1701548000000,111.6279,112.5198,111.2930,112.1832,1430
1701551600000,112.1832,113.2985,111.8467,112.9596,1431
1701555200000,112.9596,114.2907,112.6207,113.9488,1432
1701558800000,113.9488,115.4855,113.6070,115.1400,1433
1701562400000,115.1400,116.8691,114.7946,116.5196,1434
1701566000000,116.5196,118.4252,116.1700,118.0709,1435
1701569600000,118.0709,120.1341,117.7167,119.7748,1436
1701573200000,119.7748,121.9737,119.4155,121.6089,1437
1701576800000,121.6089,123.9191,121.2441,123.5484,1438
1701580400000,123.5484,125.9427,123.1778,125.5660,1439
1701584000000,125.5660,128.0148,125.1893,127.6319,1440
1701587600000,127.6319,130.1041,127.2491,129.7150,1441
1701591200000,129.7150,132.1778,129.3258,131.7825,1442
1701594800000,131.7825,134.2029,131.3872,133.8015,1443
1701598400000,133.8015,136.1462,133.4001,135.7390,1444
1701602000000,135.7390,137.9762,135.3318,137.5635,1445
1701605600000,137.5635,139.6631,137.1509,139.2454,1446
1701609200000,139.2454,141.1801,138.8276,140.7578,1447
1701612800000,140.7578,142.5044,140.3355,142.0781,1448
1701616400000,142.0781,143.6177,141.6519,143.1881,1449
1701620000000,143.1881,144.5072,142.7586,144.0750,1450
1701623600000,144.0750,145.1658,143.6428,144.7316,1451
1701627200000,144.7316,145.5923,144.2974,145.1568,1452
1701630800000,145.1568,145.7918,144.7214,145.3558,1453
1701634400000,145.3558,145.7918,144.9032,145.3392,1454
1701638000000,145.3392,145.7753,144.6882,145.1236,1455
1701641600000,145.1236,145.5590,144.2958,144.7300,1456
1701645200000,144.7300,145.1642,143.7512,144.1838,1457
1701648800000,144.1838,144.6163,143.0829,143.5134,1458
1701652400000,143.5134,143.9439,142.3215,142.7498,1459
1701656000000,142.7498,143.1780,141.4994,141.9252,1460
1701659600000,141.9252,142.3509,140.6491,141.0723,1461
1701663200000,141.0723,141.4955,139.8028,140.2235,1462
1701666800000,140.2235,140.6442,138.9919,139.4101,1463
1701670400000,139.4101,139.8284,138.2457,138.6617,1464
1701674000000,138.6617,139.0777,137.5914,138.0054,1465
1701677600000,138.0054,138.4194,137.0534,137.4658,1466
1701681200000,137.4658,137.8782,136.6533,137.0645,1467
1701684800000,137.0645,137.4757,136.4092,136.8197,1468
1701688400000,136.8197,137.2301,136.3358,136.7460,1469
1701692000000,136.7460,137.2654,136.3358,136.8549,1470
1701695600000,136.8549,137.5651,136.4443,137.1536,1471
1701699200000,137.1536,138.0591,136.7422,137.6462,1472
1701702800000,137.6462,138.7474,137.2332,138.3324,1473
1701706400000,138.3324,139.6260,137.9174,139.2084,1474
1701710000000,139.2084,140.6872,138.7908,140.2664,1475
1701713600000,140.2664,141.9190,139.8456,141.4945,1476
1701717200000,141.4945,143.3056,141.0700,142.8770,1477
1701720800000,142.8770,144.8273,142.4483,144.3941,1478
1701724400000,144.3941,146.4604,143.9609,146.0223,1479
1701728000000,146.0223,148.1775,145.5842,147.7343,1480
1701731600000,147.7343,149.9478,147.2911,149.4993,1481
1701735200000,149.4993,151.7375,149.0508,151.2836,1482
1701738800000,151.2836,153.5101,150.8298,153.0510,1483
1701742400000,153.0510,155.2276,152.5918,154.7633,1484
1701746000000,154.7633,156.8506,154.2990,156.3814,1485
1701749600000,156.3814,158.3398,155.9123,157.8662,1486
1701753200000,157.8662,159.6571,157.3926,159.1796,1487
1701756800000,159.1796,160.7664,158.7021,160.2856,1488
1701760400000,160.2856,161.6350,159.8047,161.1516,1489
1701764000000,161.1516,162.2346,160.6681,161.7494,1490
1701767600000,161.7494,162.5425,161.2641,162.0564,1491
1701771200000,162.0564,162.5425,161.5702,162.0564,1492
1701774800000,162.0564,162.5425,161.2551,161.7403,1493
1701778400000,161.7403,162.2255,160.6232,161.1065,1494
1701782000000,161.1065,161.5898,159.6806,160.1611,1495
1701785600000,160.1611,160.6416,158.4408,158.9176,1496
1701789200000,158.9176,159.3943,156.9243,157.3965,1497
1701792800000,157.3965,157.8687,155.1579,155.6248,1498
1701796400000,155.6248,156.0916,153.1736,153.6345,1499
1701800000000,153.6345,154.0954,151.0078,151.4622,1500
1701803600000,151.4622,151.9166,148.6998,149.1472,1501
1701807200000,149.1472,149.5946,146.2905,146.7307,1502
1701810800000,146.7307,147.1709,143.8217,144.2544,1503
1701814400000,144.2544,144.6872,141.3344,141.7597,1504
1701818000000,141.7597,142.1849,138.8682,139.2860,1505
1701821600000,139.2860,139.7039,136.4603,136.8709,1506
1701825200000,136.8709,137.2815,134.1449,134.5486,1507
1701828800000,134.5486,134.9522,131.9529,132.3499,1508
1701832400000,132.3499,132.7470,129.9112,130.3021,1509
1701836000000,130.3021,130.6930,128.0431,128.4284,1510
1701839600000,128.4284,128.8137,126.3677,126.7480,1511
1701843200000,126.7480,127.1282,124.9004,125.2762,1512
1701846800000,125.2762,125.6520,123.6526,124.0247,1513
1701850400000,124.0247,124.3968,122.6325,123.0015,1514
1701854000000,123.0015,123.3705,121.8444,122.2111,1515
1701857600000,122.2111,122.5777,121.2897,121.6547,1516
1701861200000,121.6547,122.0196,120.9665,121.3305,1517
1701864800000,121.3305,121.6945,120.8699,121.2336,1518
1701868400000,121.2336,121.7205,120.8699,121.3564,1519
1701872000000,121.3564,122.0533,120.9923,121.6882,1520
1701875600000,121.6882,122.5824,121.3231,122.2158,1521
1701879200000,122.2158,123.2919,121.8491,122.9232,1522
1701882800000,122.9232,124.1632,122.5544,123.7919,1523
1701886400000,123.7919,125.1752,123.4205,124.8008,1524
1701890000000,124.8008,126.3044,124.4264,125.9266,1525
1701893600000,125.9266,127.5253,125.5488,127.1439,1526
1701897200000,127.1439,128.8106,126.7624,128.4253,1527
1701900800000,128.4253,130.1316,128.0401,129.7424,1528
1701904400000,129.7424,131.4585,129.3531,131.0653,1529
1701908000000,131.0653,132.7615,130.6721,132.3644,1530
1701911600000,132.3644,134.0108,131.9673,133.6100,1531
1701915200000,133.6100,135.1780,133.2092,134.7737,1532
1701918800000,134.7737,136.2362,134.3693,135.8288,1533
1701922400000,135.8288,137.1616,135.4213,136.7513,1534
1701926000000,136.7513,137.9335,136.3411,137.5209,1535
1701929600000,137.5209,138.5353,137.1083,138.1210,1536
1701933200000,138.1210,138.9554,137.7066,138.5398,1537
1701936800000,138.5398,139.1871,138.1242,138.7708,1538
1701940400000,138.7708,139.2290,138.3545,138.8126,1539
1701944000000,138.8126,139.2290,138.2534,138.6694,1540
1701947600000,138.6694,139.0854,137.9357,138.3508,1541
1701951200000,138.3508,138.7658,137.4574,137.8710,1542
1701954800000,137.8710,138.2846,136.8373,137.2491,1543
1701958400000,137.2491,137.6608,136.0983,136.5078,1544
1701962000000,136.5078,136.9174,135.2661,135.6731,1545
1701965600000,135.6731,136.0801,134.3689,134.7732,1546
1701969200000,134.7732,135.1775,133.4364,133.8379,1547
1701972800000,133.8379,134.2394,132.4988,132.8975,1548
1701976400000,132.8975,133.2962,131.5867,131.9826,1549
1701980000000,131.9826,132.3786,130.7295,131.1229,1550
1701983600000,131.1229,131.5163,129.9558,130.3468,1551
1701987200000,130.3468,130.7378,129.2920,129.6810,1552
1701990800000,129.6810,130.0701,128.7626,129.1501,1553
1701994400000,129.1501,129.5375,128.3897,128.7761,1554
1701998000000,128.7761,129.1624,128.1927,128.5784,1555
1702001600000,128.5784,128.9642,128.1880,128.5737,1556
1702005200000,128.5737,129.1619,128.1880,128.7756,1557
1702008800000,128.7756,129.5822,128.3893,129.1947,1558
1702012400000,129.1947,130.2278,128.8071,129.8383,1559
1702016000000,129.8383,131.1030,129.4488,130.7108,1560
1702019600000,130.7108,132.2085,130.3187,131.8130,1561
1702023200000,131.8130,133.5418,131.4176,133.1424,1562
1702026800000,133.1424,135.0966,132.7429,134.6925,1563
1702030400000,134.6925,136.8630,134.2885,136.4537,1564
1702034000000,136.4537,138.8271,136.0443,138.4119,1565
1702037600000,138.4119,140.9709,137.9966,140.5493,1566
1702041200000,140.5493,143.2725,140.1276,142.8439,1567
1702044800000,142.8439,145.7057,142.4154,145.2699,1568
1702048400000,145.2699,148.2404,144.8340,147.7970,1569
1702052000000,147.7970,150.8427,147.3536,150.3915,1570
1702055600000,150.3915,153.4754,149.9404,153.0163,1571
1702059200000,153.0163,156.0982,152.5573,155.6313,1572
1702062800000,155.6313,158.6690,155.1645,158.1944,1573
1702066400000,158.1944,161.1439,157.7198,160.6619,1574
1702070000000,160.6619,163.4794,160.1800,162.9904,1575
1702073600000,162.9904,165.6325,162.5014,165.1371,1576
1702077200000,165.1371,167.5626,164.6417,167.0615,1577
1702080800000,167.0615,169.2328,166.5603,168.7266,1578
1702084400000,168.7266,170.6108,168.2205,170.1005,1579
1702088000000,170.1005,171.6704,169.5902,171.1570,1580
1702091600000,171.1570,172.3924,170.6435,171.8768,1581
1702095200000,171.8768,172.7652,171.3611,172.2485,1582
1702098800000,172.2485,172.7856,171.7317,172.2688,1583
1702102400000,172.2688,172.7856,171.4270,171.9428,1584
1702106000000,171.9428,172.4587,170.7699,171.2837,1585
1702109600000,171.2837,171.7976,169.8014,170.3123,1586
1702113200000,170.3123,170.8233,168.5492,169.0563,1587
1702116800000,169.0563,169.5635,167.0466,167.5492,1588
1702120400000,167.5492,168.0519,165.3316,165.8291,1589
1702124000000,165.8291,166.3266,163.4456,163.9374,1590
1702127600000,163.9374,164.4292,161.4318,161.9175,1591
1702131200000,161.9175,162.4033,159.3341,159.8135,1592
1702134800000,159.8135,160.2930,157.1959,157.6689,1593
1702138400000,157.6689,158.1419,155.0591,155.5257,1594
1702142000000,155.5257,155.9923,152.9630,153.4233,1595
1702145600000,153.4233,153.8836,150.9439,151.3980,1596
1702149200000,151.3980,151.8522,149.0340,149.4824,1597
1702152800000,149.4824,149.9309,147.2618,147.7049,1598
1702156400000,147.7049,148.1480,145.6514,146.0897,1599
1702160000000,146.0897,146.5279,144.2224,144.6563,1600
1702163600000,144.6563,145.0903,142.9900,143.4203,1601
1702167200000,143.4203,143.8506,141.9653,142.3925,1602
1702170800000,142.3925,142.8197,141.1549,141.5796,1603
1702174400000,141.5796,142.0043,140.5614,140.9843,1604
1702178000000,140.9843,141.4073,140.1834,140.6053,1605
1702181600000,140.6053,141.0271,140.0159,140.4373,1606
1702185200000,140.4373,140.8929,140.0159,140.4715,1607
1702188800000,140.4715,141.1175,140.0500,140.6955,1608
1702192400000,140.6955,141.5167,140.2734,141.0934,1609
1702196000000,141.0934,142.0711,140.6701,141.6462,1610
1702199600000,141.6462,142.7586,141.2212,142.3316,1611
1702203200000,142.3316,143.5541,141.9046,143.1248,1612
1702206800000,143.1248,144.4301,142.6954,143.9981,1613
1702210400000,143.9981,145.3566,143.5661,144.9219,1614
1702214000000,144.9219,146.3025,144.4871,145.8649,1615
1702217600000,145.8649,147.2352,145.4273,146.7948,1616
1702221200000,146.7948,148.1219,146.3544,147.6788,1617
1702224800000,147.6788,148.9302,147.2358,148.4847,1618
1702228400000,148.4847,149.6289,148.0392,149.1813,1619
1702232000000,149.1813,150.1890,148.7338,149.7397,1620
1702235600000,149.7397,150.5845,149.2905,150.1340,1621
1702239200000,150.1340,150.7932,149.6836,150.3422,1622
1702242800000,150.3422,150.7978,149.8912,150.3468,1623
1702246400000,150.3468,150.7978,149.6852,150.1357,1624
1702250000000,150.1357,150.5861,149.2534,149.7025,1625
1702253600000,149.7025,150.1516,148.5999,149.0470,1626
1702257200000,149.0470,149.4942,147.7305,148.1750,1627
1702260800000,148.1750,148.6195,146.6569,147.0982,1628
1702264400000,147.0982,147.5395,145.3963,145.8338,1629
1702268000000,145.8338,146.2713,143.9708,144.4040,1630
1702271600000,144.4040,144.8372,142.4068,142.8353,1631
1702275200000,142.8353,143.2638,140.7341,141.1575,1632
1702278800000,141.1575,141.5810,138.9846,139.4028,1633
1702282400000,139.4028,139.8210,137.1921,137.6049,1634
1702286000000,137.6049,138.0177,135.3906,135.7980,1635
1702289600000,135.7980,136.2054,133.6141,134.0162,1636
1702293200000,134.0162,134.4182,131.8955,132.2924,1637
1702296800000,132.2924,132.6892,130.2659,130.6579,1638
1702300400000,130.6579,131.0499,128.7545,129.1419,1639
1702304000000,129.1419,129.5293,127.3878,127.7711,1640
1702307600000,127.7711,128.1544,126.1896,126.5693,1641
1702311200000,126.5693,126.9490,125.1808,125.5575,1642
1702314800000,125.5575,125.9341,124.3792,124.7535,1643
1702318400000,124.7535,125.1278,123.7998,124.1723,1644
1702322000000,124.1723,124.5448,123.4543,123.8258,1645
1702325600000,123.8258,124.1972,123.3516,123.7228,1646
1702329200000,123.7228,124.2411,123.3516,123.8695,1647
1702332800000,123.8695,124.6416,123.4978,124.2688,1648
1702336400000,124.2688,125.2957,123.8960,124.9209,1649
1702340000000,124.9209,126.2005,124.5461,125.8231,1650
1702343600000,125.8231,127.3504,125.4456,126.9694,1651
1702347200000,126.9694,128.7361,126.5885,128.3511,1652
1702350800000,128.3511,130.3456,127.9660,129.9557,1653
1702354400000,129.9557,132.1632,129.5659,131.7679,1654
1702358000000,131.7679,134.1700,131.3726,133.7687,1655
1702361600000,133.7687,136.3435,133.3674,135.9357,1656
1702365200000,135.9357,138.6578,135.5279,138.2431,1657
1702368800000,138.2431,141.0836,137.8283,140.6616,1658
1702372400000,140.6616,143.5886,140.2396,143.1591,1659
1702376000000,143.1591,146.1378,142.7297,145.7007,1660
1702379600000,145.7007,148.6940,145.2636,148.2493,1661
1702383200000,148.2493,151.2184,147.8045,150.7661,1662
1702386800000,150.7661,153.6717,150.3138,153.2121,1663
1702390400000,153.2121,156.0148,152.7525,155.5482,1664
1702394000000,155.5482,158.2100,155.0816,157.7368,1665
1702397600000,157.7368,160.2218,157.2636,159.7426,1666
1702401200000,159.7426,162.0188,159.2634,161.5342,1667
1702404800000,161.5342,163.5737,161.0496,163.0844,1668
1702408400000,163.0844,164.8651,162.5952,164.3720,1669
1702412000000,164.3720,165.8780,163.8789,165.3818,1670
1702415600000,165.3818,166.6041,164.8857,166.1058,1671
1702419200000,166.1058,167.0427,165.6075,166.5430,1672
1702422800000,166.5430,167.2000,166.0434,166.6999,1673
1702426400000,166.6999,167.2000,166.0898,166.5896,1674
1702430000000,166.5896,167.0893,165.7332,166.2319,1675
1702433600000,166.2319,166.7306,165.1554,165.6524,1676
1702437200000,165.6524,166.1493,164.3867,164.8813,1677
1702440800000,164.8813,165.3759,163.4608,163.9527,1678
1702444400000,163.9527,164.4445,162.4144,162.9031,1679
1702448000000,162.9031,163.3918,161.2856,161.7709,1680
1702451600000,161.7709,162.2562,160.1126,160.5944,1681
1702455200000,160.5944,161.0762,158.9336,159.4118,1682
1702458800000,159.4118,159.8900,157.7847,158.2595,1683
1702462400000,158.2595,158.7343,156.7003,157.1718,1684
1702466000000,157.1718,157.6433,155.7116,156.1801,1685
1702469600000,156.1801,156.6487,154.8468,155.3127,1686
1702473200000,155.3127,155.7786,154.1301,154.5939,1687
1702476800000,154.5939,155.0577,153.5822,154.0443,1688
1702480400000,154.0443,154.5064,153.2192,153.6803,1689
1702484000000,153.6803,154.1413,153.0535,153.5140,1690
1702487600000,153.5140,154.0142,153.0535,153.5536,1691
1702491200000,153.5536,154.2639,153.0929,153.8025,1692
1702494800000,153.8025,154.7229,153.3411,154.2602,1693
1702498400000,154.2602,155.3863,153.7974,154.9215,1694
1702502000000,154.9215,156.2446,154.4567,155.7772,1695
1702505600000,155.7772,157.2841,155.3099,156.8136,1696
1702509200000,156.8136,158.4869,156.3432,158.0129,1697
1702512800000,158.0129,159.8308,157.5388,159.3528,1698
1702516400000,159.3528,161.2897,158.8747,160.8073,1699
1702520000000,160.8073,162.8336,160.3249,162.3466,1700
1702523600000,162.3466,164.4291,161.8595,163.9373,1701
1702527200000,163.9373,166.0398,163.4455,165.5431,1702
1702530800000,165.5431,167.6270,165.0465,167.1256,1703
1702534400000,167.1256,169.1506,166.6243,168.6446,1704
1702538000000,168.6446,170.5695,168.1387,170.0593,1705
1702541600000,170.0593,171.8432,169.5491,171.3292,1706
1702545200000,171.3292,172.9326,170.8152,172.4154,1707
1702548800000,172.4154,173.8015,171.8981,173.2817,1708
1702552400000,173.2817,174.4174,172.7618,173.8957,1709
1702556000000,173.8957,174.7528,173.3740,174.2301,1710
1702559600000,174.2301,174.7865,173.7074,174.2637,1711
1702563200000,174.2637,174.7865,173.4602,173.9822,1712
1702566800000,173.9822,174.5041,172.8586,173.3787,1713
1702570400000,173.3787,173.8989,171.9370,172.4544,1714
1702574000000,172.4544,172.9717,170.7045,171.2182,1715
1702577600000,171.2182,171.7318,169.1777,169.6868,1716
1702581200000,169.6868,170.1958,167.3802,167.8838,1717
1702584800000,167.8838,168.3875,165.3418,165.8393,1718
1702588400000,165.8393,166.3369,163.0977,163.5885,1719
1702592000000,163.5885,164.0793,160.6869,161.1705,1720
1702595600000,161.1705,161.6540,158.1513,158.6272,1721
1702599200000,158.6272,159.1031,155.5342,156.0022,1722
1702602800000,156.0022,156.4702,152.8790,153.3390,1723
1702606400000,153.3390,153.7991,150.2286,150.6807,1724
1702610000000,150.6807,151.1327,147.6239,148.0681,1725
1702613600000,148.0681,148.5123,145.1031,145.5397,1726
1702617200000,145.5397,145.9764,142.7013,143.1307,1727
1702620800000,143.1307,143.5601,140.4500,140.8726,1728
1702624400000,140.8726,141.2953,138.3767,138.7931,1729
1702628000000,138.7931,139.2094,136.5048,136.9156,1730
1702631600000,136.9156,137.3263,134.8539,135.2596,1731
1702635200000,135.2596,135.6654,133.4393,133.8409,1732
1702638800000,133.8409,134.2424,132.2729,132.6709,1733
1702642400000,132.6709,133.0689,131.3626,131.7578,1734
1702646000000,131.7578,132.1531,130.7128,131.1061,1735
1702649600000,131.1061,131.4994,130.3248,130.7170,1736
1702653200000,130.7170,131.1091,130.1966,130.5884,1737
1702656800000,130.5884,131.1073,130.1966,130.7152,1738
1702660400000,130.7152,131.4825,130.3230,131.0892,1739
1702664000000,131.0892,132.0944,130.6959,131.6993,1740
1702667600000,131.6993,132.9288,131.3042,132.5312,1741
1702671200000,132.5312,133.9687,132.1336,133.5680,1742
1702674800000,133.5680,135.1941,133.1673,134.7897,1743
1702678400000,134.7897,136.5820,134.3853,136.1735,1744
1702682000000,136.1735,138.1068,135.7649,137.6938,1745
1702685600000,137.6938,139.7406,137.2807,139.3226,1746
1702689200000,139.3226,141.4530,138.9047,141.0299,1747
1702692800000,141.0299,143.2119,140.6068,142.7836,1748
1702696400000,142.7836,144.9840,142.3552,144.5504,1749
1702700000000,144.5504,146.7353,144.1167,146.2964,1750
1702703600000,146.2964,148.4319,145.8575,147.9879,1751
1702707200000,147.9879,150.0408,147.5440,149.5920,1752
1702710800000,149.5920,151.5308,149.1432,151.0776,1753
1702714400000,151.0776,152.8737,150.6244,152.4165,1754
1702718000000,152.4165,154.0447,151.9592,153.5839,1755
1702721600000,153.5839,155.0233,153.1232,154.5597,1756
1702725200000,154.5597,155.7946,154.0960,155.3286,1757
1702728800000,155.3286,156.3491,154.8627,155.8815,1758
1702732400000,155.8815,156.6835,155.4138,156.2148,1759
1702736000000,156.2148,156.8005,155.7462,156.3315,1760
1702739600000,156.3315,156.8005,155.7717,156.2405,1761
1702743200000,156.2405,156.7092,155.4886,155.9564,1762
1702746800000,155.9564,156.4243,155.0329,155.4994,1763
1702750400000,155.4994,155.9659,154.4292,154.8939,1764
1702754000000,154.8939,155.3586,153.7058,154.1683,1765
1702757600000,154.1683,154.6308,152.8937,153.3538,1766
1702761200000,153.3538,153.8138,152.0261,152.4835,1767
1702764800000,152.4835,152.9410,151.1370,151.5918,1768
1702768400000,151.5918,152.0466,150.2607,150.7129,1769
1702772000000,150.7129,151.1650,149.4308,149.8805,1770
1702775600000,149.8805,150.3301,148.6796,149.1270,1771
1702779200000,149.1270,149.5744,148.0374,148.4829,1772
1702782800000,148.4829,148.9283,147.5322,147.9762,1773
1702786400000,147.9762,148.4201,147.1892,147.6321,1774
1702790000000,147.6321,148.0750,147.0305,147.4729,1775
1702793600000,147.4729,147.9600,147.0305,147.5174,1776
1702797200000,147.5174,148.2244,147.0749,147.7811,1777
1702800800000,147.7811,148.7205,147.3377,148.2756,1778
1702804400000,148.2756,149.4562,147.8308,149.0092,1779
1702808000000,149.0092,150.4360,148.5622,149.9860,1780
1702811600000,149.9860,151.6600,149.5361,151.2064,1781
1702815200000,151.2064,153.1243,150.7527,152.6663,1782
1702818800000,152.6663,154.8209,152.2083,154.3578,1783
1702822400000,154.3578,156.7371,153.8947,156.2683,1784
1702826000000,156.2683,158.8559,155.7995,158.3807,1785
1702829600000,158.3807,161.1556,157.9056,160.6736,1786
1702833200000,160.6736,163.6099,160.1916,163.1205,1787
1702836800000,163.1205,166.1878,162.6311,165.6907,1788
1702840400000,165.6907,168.8541,165.1937,168.3491,1789
1702844000000,168.3491,171.5694,167.8440,171.0562,1790
1702847600000,171.0562,174.2909,170.5431,173.7695,1791
1702851200000,173.7695,176.9727,173.2482,176.4434,1792
1702854800000,176.4434,179.5673,175.9140,179.0302,1793
1702858400000,179.0302,182.0260,178.4931,181.4815,1794
1702862000000,181.4815,184.3007,180.9371,183.7495,1795
1702865600000,183.7495,186.3450,183.1982,185.7876,1796
1702869200000,185.7876,188.1156,185.2303,187.5530,1797
1702872800000,187.5530,189.5740,186.9903,189.0069,1798
1702876400000,189.0069,190.6875,188.4399,190.1171,1799
1702880000000,190.1171,191.4308,189.5468,190.8582,1800
1702883600000,190.8582,191.7868,190.2856,191.2131,1801
1702887200000,191.2131,191.7868,190.6003,191.1738,1802
1702890800000,191.1738,191.7473,190.1692,190.7414,1803
1702894400000,190.7414,191.3136,189.3565,189.9263,1804
1702898000000,189.9263,190.4961,188.1816,188.7479,1805
1702901600000,188.7479,189.3141,186.6720,187.2337,1806
1702905200000,187.2337,187.7954,184.8622,185.4184,1807
1702908800000,185.4184,185.9747,182.7926,183.3427,1808
1702912400000,183.3427,183.8927,180.5084,181.0515,1809
1702916000000,181.0515,181.5947,178.0573,178.5931,1810
1702919600000,178.5931,179.1288,175.4888,176.0169,1811
1702923200000,176.0169,176.5449,172.8525,173.3726,1812
1702926800000,173.3726,173.8928,170.1966,170.7088,1813
1702930400000,170.7088,171.2209,167.5672,168.0714,1814
1702934000000,168.0714,168.5756,165.0070,165.5035,1815
1702937600000,165.5035,166.0000,162.5548,163.0440,1816
1702941200000,163.0440,163.5331,160.2453,160.7275,1817
1702944800000,160.7275,161.2097,158.1082,158.5839,1818
1702948400000,158.5839,159.0597,156.1683,156.6382,1819
1702952000000,156.6382,157.1082,154.4459,154.9106,1820
1702955600000,154.9106,155.3754,152.9562,153.4164,1821
1702959200000,153.4164,153.8767,151.7098,152.1663,1822
1702962800000,152.1663,152.6228,150.7128,151.1663,1823
1702966400000,151.1663,151.6198,149.9671,150.4184,1824
1702970000000,150.4184,150.8696,149.4705,149.9202,1825
1702973600000,149.9202,150.3700,149.2166,149.6656,1826
1702977200000,149.6656,150.1146,149.1956,149.6445,1827
1702980800000,149.6445,150.2928,149.1956,149.8432,1828
1702984400000,149.8432,150.6953,149.3937,150.2446,1829
1702988000000,150.2446,151.2805,149.7938,150.8280,1830
1702991600000,150.8280,152.0245,150.3755,151.5698,1831
1702995200000,151.5698,152.9007,151.1151,152.4434,1832
1702998800000,152.4434,153.8798,151.9861,153.4196,1833
1703002400000,153.4196,154.9302,152.9593,154.4668,1834
1703006000000,154.4668,156.0186,154.0034,155.5519,1835
1703009600000,155.5519,157.1105,155.0853,156.6405,1836
1703013200000,156.6405,158.1708,156.1706,157.6977,1837
1703016800000,157.6977,159.1650,157.2246,158.6890,1838
1703020400000,158.6890,160.0596,158.2129,159.5809,1839
1703024000000,159.5809,160.8232,159.1021,160.3422,1840
1703027600000,160.3422,161.4275,159.8612,160.9447,1841
1703031200000,160.9447,161.8481,160.4619,161.3640,1842
1703034800000,161.3640,162.0653,160.8799,161.5806,1843
1703038400000,161.5806,162.0653,161.0955,161.5803,1844
1703042000000,161.5803,162.0650,160.8708,161.3549,1845
1703045600000,161.3549,161.8390,160.4200,160.9027,1846
1703049200000,160.9027,161.3854,159.7475,160.2282,1847
1703052800000,160.2282,160.7089,158.8642,159.3423,1848
1703056400000,159.3423,159.8203,157.7869,158.2617,1849
1703060000000,158.2617,158.7365,156.5375,157.0086,1850
1703063600000,157.0086,157.4796,155.1429,155.6097,1851
1703067200000,155.6097,156.0765,153.6333,154.0956,1852
1703070800000,154.0956,154.5579,152.0421,152.4996,1853
1703074400000,152.4996,152.9571,150.4042,150.8568,1854
1703078000000,150.8568,151.3094,148.7557,149.2033,1855
1703081600000,149.2033,149.6509,147.1324,147.5751,1856
1703085200000,147.5751,148.0178,145.5693,146.0073,1857
1703088800000,146.0073,146.4454,144.1001,144.5337,1858
1703092400000,144.5337,144.9673,142.7564,143.1859,1859
1703096000000,143.1859,143.6155,141.5670,141.9930,1860
1703099600000,141.9930,142.4190,140.5583,140.9813,1861
1703103200000,140.9813,141.4042,139.7535,140.1740,1862
1703106800000,140.1740,140.5945,139.1726,139.5914,1863
1703110400000,139.5914,140.0101,138.8325,139.2502,1864
1703114000000,139.2502,139.6680,138.7468,139.1643,1865
1703117600000,139.1643,139.7620,138.7468,139.3439,1866
1703121200000,139.3439,140.2157,138.9259,139.7963,1867
1703124800000,139.7963,140.9468,139.3769,140.5252,1868
1703128400000,140.5252,141.9557,140.1036,141.5311,1869
1703132000000,141.5311,143.2393,141.1065,142.8109,1870
1703135600000,142.8109,144.7911,142.3824,144.3580,1871
1703139200000,144.3580,146.6006,143.9249,146.1621,1872
1703142800000,146.1621,148.6536,145.7236,148.2090,1873
1703146400000,148.2090,150.9318,147.7644,150.4804,1874
1703150000000,150.4804,153.4128,150.0290,152.9539,1875
1703153600000,152.9539,156.0698,152.4951,155.6030,1876
1703157200000,155.6030,158.8722,155.1362,158.3970,1877
1703160800000,158.3970,161.7850,157.9218,161.3011,1878
1703164400000,161.3011,164.7699,160.8172,164.2771,1879
1703168000000,164.2771,167.7852,163.7842,167.2834,1880
1703171600000,167.2834,170.7867,166.7815,170.2759,1881
1703175200000,170.2759,173.7286,169.7651,173.2089,1882
1703178800000,173.2089,176.5642,172.6893,176.0361,1883
1703182400000,176.0361,179.2475,175.5079,178.7114,1884
1703186000000,178.7114,181.7343,178.1752,181.1907,1885
1703189600000,181.1907,183.9835,180.6472,183.4332,1886
1703193200000,183.4332,185.9585,182.8829,185.4023,1887
1703196800000,185.4023,187.6285,184.8461,187.0673,1888
1703200400000,187.0673,188.9694,186.5061,188.4042,1889
1703204000000,188.4042,189.9650,187.8390,189.3968,1890
1703207600000,189.3968,190.6074,188.8287,190.0373,1891
1703211200000,190.0373,190.8974,189.4672,190.3264,1892
1703214800000,190.3264,190.8974,189.7027,190.2735,1893
1703218400000,190.2735,190.8443,189.3264,189.8961,1894
1703222000000,189.8961,190.4658,188.6516,189.2193,1895
1703225600000,189.2193,189.7869,187.7098,188.2746,1896
1703229200000,188.2746,188.8395,186.5380,187.0993,1897
1703232800000,187.0993,187.6606,185.1772,185.7344,1898
1703236400000,185.7344,186.2916,183.6712,184.2238,1899
1703240000000,184.2238,184.7765,182.0652,182.6130,1900
1703243600000,182.6130,183.1609,180.4047,180.9475,1901
1703247200000,180.9475,181.4904,178.7339,179.2717,1902
1703250800000,179.2717,179.8095,177.0952,177.6281,1903
1703254400000,177.6281,178.1610,175.5280,176.0561,1904
1703258000000,176.0561,176.5843,174.0681,174.5919,1905
1703261600000,174.5919,175.1156,172.7473,173.2671,1906
1703265200000,173.2671,173.7869,171.5930,172.1093,1907
1703268800000,172.1093,172.6257,170.6279,171.1413,1908
1703272400000,171.1413,171.6547,169.8698,170.3809,1909
1703276000000,170.3809,170.8921,169.3319,169.8414,1910
1703279600000,169.8414,170.3509,169.0223,169.5309,1911
1703283200000,169.5309,170.0395,168.9444,169.4527,1912
1703286800000,169.4527,170.1144,168.9444,169.6056,1913
1703290400000,169.6056,170.4933,169.0968,169.9833,1914
1703294000000,169.9833,171.0868,169.4734,170.5750,1915
1703297600000,170.5750,171.8795,170.0633,171.3654,1916
1703301200000,171.3654,172.8515,170.8513,172.3345,1917
1703304800000,172.3345,173.9785,171.8175,173.4581,1918
1703308400000,173.4581,175.2321,172.9377,174.7080,1919
1703312000000,174.7080,176.5801,174.1838,176.0520,1920
1703315600000,176.0520,177.9870,175.5238,177.4547,1921
1703319200000,177.4547,179.4144,176.9223,178.8777,1922
1703322800000,178.8777,180.8215,178.3411,180.2807,1923
1703326400000,180.2807,182.1666,179.7399,181.6217,1924
1703330000000,181.6217,183.4072,181.0769,182.8586,1925
1703333600000,182.8586,184.5018,182.3101,183.9499,1926
1703337200000,183.9499,185.4105,183.3981,184.8559,1927
1703340800000,184.8559,186.0967,184.3013,185.5400,1928
1703344400000,185.5400,186.5279,184.9834,185.9700,1929
1703348000000,185.9700,186.6773,185.4121,186.1190,1930
1703351600000,186.1190,186.6773,185.4086,185.9665,1931
1703355200000,185.9665,186.5244,184.9428,185.4993,1932
1703358800000,185.4993,186.0558,184.1579,184.7120,1933
1703362400000,184.7120,185.2662,183.0566,183.6074,1934
1703366000000,183.6074,184.1583,181.6497,182.1963,1935
1703369600000,182.1963,182.7429,179.9556,180.4971,1936
1703373200000,180.4971,181.0386,178.0000,178.5356,1937
1703376800000,178.5356,179.0712,175.8145,176.3435,1938
1703380400000,176.3435,176.8726,173.4362,173.9581,1939
1703384000000,173.9581,174.4800,170.9059,171.4202,1940
1703387600000,171.4202,171.9344,168.2671,168.7734,1941
1703391200000,168.7734,169.2797,165.5646,166.0627,1942
1703394800000,166.0627,166.5609,162.8433,163.3333,1943
1703398400000,163.3333,163.8233,160.1472,160.6291,1944
1703402000000,160.6291,161.1110,157.5183,157.9923,1945
1703405600000,157.9923,158.4663,154.9961,155.4625,1946
1703409200000,155.4625,155.9288,152.6164,153.0756,1947
1703412800000,153.0756,153.5348,150.4116,150.8642,1948
1703416400000,150.8642,151.3168,148.4100,148.8566,1949
1703420000000,148.8566,149.3031,146.6359,147.0771,1950
1703423600000,147.0771,147.5184,145.1095,145.5461,1951
1703427200000,145.5461,145.9828,143.8469,144.2797,1952
1703430800000,144.2797,144.7125,142.8604,143.2902,1953
1703434400000,143.2902,143.7201,142.1585,142.5863,1954
1703438000000,142.5863,143.0140,141.7463,142.1728,1955
1703441600000,142.1728,142.5994,141.6252,142.0514,1956
1703445200000,142.0514,142.6467,141.6252,142.2201,1957
1703448800000,142.2201,143.1017,141.7934,142.6737,1958
1703452400000,142.6737,143.8340,142.2457,143.4038,1959
1703456000000,143.4038,144.8318,142.9736,144.3986,1960
1703459600000,144.3986,146.0799,143.9654,145.6430,1961
1703463200000,145.6430,147.5598,145.2060,147.1184,1962
1703466800000,147.1184,149.2496,146.6771,148.8032,1963
1703470400000,148.8032,151.1242,148.3568,150.6722,1964
1703474000000,150.6722,153.1550,150.2202,152.6969,1965
1703477600000,152.6969,155.3105,152.2388,154.8460,1966
1703481200000,154.8460,157.5566,154.3815,157.0853,1967
1703484800000,157.0853,159.8565,156.6141,159.3784,1968
1703488400000,159.3784,162.1721,158.9003,161.6871,1969
1703492000000,161.6871,164.4640,161.2020,163.9721,1970
1703495600000,163.9721,166.6927,163.4802,166.1942,1971
1703499200000,166.1942,168.8196,165.6956,168.3147,1972
1703502800000,168.3147,170.8077,167.8097,170.2968,1973
1703506400000,170.2968,172.6233,169.7860,172.1069,1974
1703510000000,172.1069,174.2362,171.5906,173.7150,1975
1703513600000,173.7150,175.6216,173.1939,175.0963,1976
1703517200000,175.0963,176.7604,174.5710,176.2317,1977
1703520800000,176.2317,177.6401,175.7030,177.1087,1978
1703524400000,177.1087,178.2550,176.5774,177.7218,1979
1703528000000,177.7218,178.6069,177.1887,178.0727,1980
1703531600000,178.0727,178.7045,177.5384,178.1700,1981
1703535200000,178.1700,178.7045,177.4955,178.0296,1982
1703538800000,178.0296,178.5637,177.1401,177.6731,1983
1703542400000,177.6731,178.2061,176.5967,177.1281,1984
1703546000000,177.1281,177.6594,175.8970,176.4263,1985
1703549600000,176.4263,176.9555,175.0763,175.6032,1986
1703553200000,175.6032,176.1300,174.1725,174.6965,1987
1703556800000,174.6965,175.2206,173.2243,173.7456,1988
1703560400000,173.7456,174.2668,172.2714,172.7897,1989
1703564000000,172.7897,173.3081,171.3521,171.8677,1990
1703567600000,171.8677,172.3833,170.5038,171.0169,1991
1703571200000,171.0169,171.5299,169.7614,170.2723,1992
1703574800000,170.2723,170.7831,169.1571,169.6661,1993
1703578400000,169.6661,170.1751,168.7196,169.2273,1994
1703582000000,169.2273,169.7350,168.4744,168.9813,1995
1703585600000,168.9813,169.4883,168.4426,168.9494,1996
1703589200000,168.9494,169.6565,168.4426,169.1490,1997
1703592800000,169.1490,170.1018,168.6416,169.5930,1998
1703596400000,169.5930,170.8008,169.0842,170.2900,1999
1703600000000,170.2900,171.7577,169.7791,171.2440,2000
1703603600000,171.2440,172.9717,170.7303,172.4544,2001
1703607200000,172.4544,174.4374,171.9370,173.9157,2002
1703610800000,173.9157,176.1445,173.3940,175.6176,2003
1703614400000,175.6176,178.0774,175.0908,177.5448,2004
1703618000000,177.5448,180.2157,177.0121,179.6767,2005
1703621600000,179.6767,182.5338,179.1377,181.9878,2006
1703625200000,181.9878,185.0008,181.4419,184.4475,2007
1703628800000,184.4475,187.5811,183.8941,187.0201,2008
1703632400000,187.0201,190.2345,186.4590,189.6655,2009
1703636000000,189.6655,192.9165,189.0965,192.3395,2010
1703639600000,192.3395,195.5792,191.7625,194.9942,2011
1703643200000,194.9942,198.1720,194.4092,197.5793,2012
1703646800000,197.5793,200.6430,196.9865,200.0428,2013
1703650400000,200.0428,202.9396,199.4427,202.3327,2014
1703654000000,202.3327,205.0108,201.7257,204.3976,2015
1703657600000,204.3976,206.8079,203.7844,206.1893,2016
1703661200000,206.1893,208.2866,205.5708,207.6636,2017
1703664800000,207.6636,209.4081,207.0406,208.7818,2018
1703668400000,208.7818,210.1413,208.1555,209.5127,2019
1703672000000,209.5127,210.4629,208.8842,209.8334,2020
1703675600000,209.8334,210.4629,209.1011,209.7303,2021
1703679200000,209.7303,210.3595,208.5721,209.1997,2022
1703682800000,209.1997,209.8273,207.6233,208.2480,2023
1703686400000,208.2480,208.8728,206.2712,206.8918,2024
1703690000000,206.8918,207.5125,204.5414,205.1569,2025
1703693600000,205.1569,205.7724,202.4683,203.0775,2026
1703697200000,203.0775,203.6867,200.0931,200.6951,2027
1703700800000,200.6951,201.2972,197.4629,198.0570,2028
1703704400000,198.0570,198.6512,194.6289,195.2145,2029
1703708000000,195.2145,195.8002,191.6449,192.2216,2030
1703711600000,192.2216,192.7982,188.5654,189.1328,2031
1703715200000,189.1328,189.7002,185.4445,186.0025,2032
1703718800000,186.0025,186.5605,182.3342,182.8829,2033
1703722400000,182.8829,183.4315,179.2837,179.8231,2034
1703726000000,179.8231,180.3626,176.3380,176.8686,2035
1703729600000,176.8686,177.3992,173.5380,174.0602,2036
1703733200000,174.0602,174.5823,170.9192,171.4335,2037
1703736800000,171.4335,171.9478,168.5122,169.0193,2038
1703740400000,169.0193,169.5263,166.3423,166.8428,2039
1703744000000,166.8428,167.3434,164.4295,164.9243,2040
1703747600000,164.9243,165.4190,162.7888,163.2786,2041
1703751200000,163.2786,163.7684,161.4302,161.9160,2042
1703754800000,161.9160,162.4017,160.3593,160.8418,2043
1703758400000,160.8418,161.3244,159.5771,160.0573,2044
1703762000000,160.0573,160.5374,159.0803,159.5590,2045
1703765600000,159.5590,160.0377,158.8618,159.3398,2046
1703769200000,159.3398,159.8668,158.8618,159.3886,2047
1703772800000,159.3886,160.1695,158.9104,159.6904,2048
1703776400000,159.6904,160.7074,159.2113,160.2267,2049
1703780000000,160.2267,161.4585,159.7460,160.9755,2050
1703783600000,160.9755,162.3973,160.4926,161.9115,2051
1703787200000,161.9115,163.4953,161.4258,163.0063,2052
1703790800000,163.0063,164.7213,162.5173,164.2286,2053
1703794400000,164.2286,166.0413,163.7359,165.5447,2054
1703798000000,165.5447,167.4196,165.0480,166.9188,2055
1703801600000,166.9188,168.8189,166.4180,168.3139,2056
1703805200000,168.3139,170.2013,167.8090,169.6922,2057
1703808800000,169.6922,171.5290,169.1831,171.0160,2058
1703812400000,171.0160,172.7653,170.5029,172.2486,2059
1703816000000,172.2486,173.8753,171.7318,173.3553,2060
1703819600000,173.3553,174.8274,172.8352,174.3045,2061
1703823200000,174.3045,175.5936,173.7816,175.0684,2062
1703826800000,175.0684,176.1512,174.5432,175.6243,2063
1703830400000,175.6243,176.4829,175.0974,175.9550,2064
1703834000000,175.9550,176.5778,175.4271,176.0497,2065
1703837600000,176.0497,176.5778,175.3765,175.9042,2066
1703841200000,175.9042,176.4319,174.9948,175.5213,2067
1703844800000,175.5213,176.0479,174.3860,174.9107,2068
1703848400000,174.9107,175.4354,173.5662,174.0884,2069
1703852000000,174.0884,174.6107,172.5574,173.0766,2070
1703855600000,173.0766,173.5958,171.3868,171.9025,2071
1703859200000,171.9025,172.4182,170.0861,170.5979,2072
1703862800000,170.5979,171.1096,168.6900,169.1976,2073
1703866400000,169.1976,169.7052,167.2358,167.7390,2074
1703870000000,167.7390,168.2423,165.7621,166.2608,2075
1703873600000,166.2608,166.7596,164.3075,164.8019,2076
1703877200000,164.8019,165.2963,162.9103,163.4005,2077
1703880800000,163.4005,163.8907,161.6073,162.0936,2078
1703884400000,162.0936,162.5799,160.4335,160.9162,2079
1703888000000,160.9162,161.3990,159.4211,159.9008,2080
1703891600000,159.9008,160.3805,158.5995,159.0767,2081
1703895200000,159.0767,159.5539,157.9950,158.4704,2082
1703898800000,158.4704,158.9458,157.6303,158.1047,2083
1703902400000,158.1047,158.5790,157.5249,157.9989,2084
1703906000000,157.9989,158.6432,157.5249,158.1687,2085
1703909600000,158.1687,159.1021,157.6942,158.6262,2086
1703913200000,158.6262,159.8577,158.1503,159.3795,2087
1703916800000,159.3795,160.9144,158.9014,160.4331,2088
1703920400000,160.4331,162.2725,159.9518,161.7872,2089
1703924000000,161.7872,163.9284,161.3018,163.4381,2090
1703927600000,163.4381,165.8738,162.9478,165.3777,2091
1703931200000,165.3777,168.0963,164.8816,167.5935,2092
1703934800000,167.5935,170.5786,167.0908,170.0684,2093
1703938400000,170.0684,173.2985,169.5582,172.7802,2094
1703942000000,172.7802,176.2291,172.2618,175.7020,2095
1703945600000,175.7020,179.3384,175.1749,178.8020,2096
1703949200000,178.8020,182.5893,178.2655,182.0432,2097
1703952800000,182.0432,185.9405,181.4971,185.3844,2098
1703956400000,185.3844,189.3462,184.8282,188.7799,2099
1703960000000,188.7799,192.7570,188.2135,192.1804,2100
1703963600000,192.1804,196.1208,191.6039,195.5342,2101
1703967200000,195.5342,199.3840,194.9476,198.7877,2102
1703970800000,198.7877,202.4924,198.1913,201.8867,2103
1703974400000,201.8867,205.3929,201.2811,204.7785,2104
1703978000000,204.7785,208.0349,204.1642,207.4126,2105
1703981600000,207.4126,210.3721,206.7904,209.7428,2106
1703985200000,209.7428,212.3639,209.1136,211.7287,2107
1703988800000,211.7287,213.9768,211.0935,213.3368,2108
1703992400000,213.3368,215.1858,212.6968,214.5422,2109
1703996000000,214.5422,215.9754,213.8986,215.3294,2110
1703999600000,215.3294,216.3397,214.6834,215.6926,2111
1704003200000,215.6926,216.3397,214.9895,215.6364,2112
1704006800000,215.6364,216.2834,214.5299,215.1754,2113
1704010400000,215.1754,215.8209,213.6904,214.3334,2114
1704014000000,214.3334,214.9764,212.5035,213.1429,2115
1704017600000,213.1429,213.7823,211.0086,211.6435,2116
1704021200000,211.6435,212.2785,209.2513,209.8809,2117
1704024800000,209.8809,210.5105,207.2810,207.9047,2118
1704028400000,207.9047,208.5285,205.1502,205.7675,2119
1704032000000,205.7675,206.3848,202.9122,203.5228,2120
1704035600000,203.5228,204.1333,200.6200,201.2236,2121
1704039200000,201.2236,201.8273,198.3247,198.9214,2122
1704042800000,198.9214,199.5182,196.0748,196.6648,2123
1704046400000,196.6648,197.2548,193.9150,194.4985,2124
1704050000000,194.4985,195.0820,191.8855,192.4629,2125
1704053600000,192.4629,193.0403,190.0215,190.5933,2126
1704057200000,190.5933,191.1651,188.3532,188.9199,2127
1704060800000,188.9199,189.4867,186.9049,187.4673,2128
1704064400000,187.4673,188.0297,185.6959,186.2547,2129
1704068000000,186.2547,186.8134,184.7396,185.2955,2130
1704071600000,185.2955,185.8514,184.0443,184.5981,2131
1704075200000,184.5981,185.1519,183.6127,184.1652,2132
1704078800000,184.1652,184.7177,183.4426,183.9946,2133
1704082400000,183.9946,184.6311,183.4426,184.0789,2134
1704086000000,184.0789,184.9588,183.5266,184.4056,2135
1704089600000,184.4056,185.5126,183.8524,184.9577,2136
1704093200000,184.9577,186.2705,184.4028,185.7134,2137
1704096800000,185.7134,187.2064,185.1563,186.6465,2138
1704100400000,186.6465,188.2899,186.0866,187.7267,2139
1704104000000,187.7267,189.4866,187.1635,188.9198,2140
1704107600000,188.9198,190.7590,188.3531,190.1884,2141
1704111200000,190.1884,192.0666,189.6178,191.4921,2142
1704114800000,191.4921,193.3671,190.9177,192.7887,2143
1704118400000,192.7887,194.6167,192.2103,194.0346,2144
1704122000000,194.0346,195.7715,193.4525,195.1860,2145
1704125600000,195.1860,196.7886,194.6004,196.2000,2146
1704129200000,196.2000,197.6269,195.6114,197.0358,2147
1704132800000,197.0358,198.2489,196.4447,197.6559,2148
1704136400000,197.6559,198.6213,197.0629,198.0272,2149
1704140000000,198.0272,198.7168,197.4331,198.1224,2150
1704143600000,198.1224,198.7168,197.3270,197.9207,2151
1704147200000,197.9207,198.5145,196.8167,197.4089,2152
1704150800000,197.4089,198.0012,195.9921,196.5818,2153
1704154400000,196.5818,197.1716,194.8561,195.4425,2154
1704158000000,195.4425,196.0288,193.4201,194.0021,2155
1704161600000,194.0021,194.5841,191.7032,192.2801,2156
1704165200000,192.2801,192.8569,189.7318,190.3027,2157
1704168800000,190.3027,190.8736,187.5386,188.1030,2158
1704172400000,188.1030,188.6673,185.1616,185.7188,2159
1704176000000,185.7188,186.2760,182.6428,183.1923,2160
1704179600000,183.1923,183.7419,180.0267,180.5684,2161
1704183200000,180.5684,181.1101,177.3595,177.8932,2162
1704186800000,177.8932,178.4269,174.6875,175.2131,2163
1704190400000,175.2131,175.7388,172.0559,172.5737,2164
1704194000000,172.5737,173.0914,169.5083,170.0184,2165
1704197600000,170.0184,170.5284,167.0854,167.5882,2166
1704201200000,167.5882,168.0909,164.8247,165.3207,2167
1704204800000,165.3207,165.8166,162.7600,163.2497,2168
1704208400000,163.2497,163.7395,160.9211,161.4053,2169
1704212000000,161.4053,161.8895,159.3338,159.8132,2170
1704215600000,159.8132,160.2926,158.0196,158.4951,2171
1704219200000,158.4951,158.9705,156.9960,157.4685,2172
1704222800000,157.4685,157.9409,156.2767,156.7470,2173
1704226400000,156.7470,157.2172,155.8713,156.3403,2174
1704230000000,156.3403,156.8093,155.7856,156.2543,2175
1704233600000,156.2543,156.9608,155.7856,156.4913,2176
1704237200000,156.4913,157.5209,156.0218,157.0497,2177
1704240800000,157.0497,158.3982,156.5786,157.9245,2178
1704244400000,157.9245,159.5840,157.4507,159.1067,2179
1704248000000,159.1067,161.0656,158.6294,160.5839,2180
1704251600000,160.5839,162.8265,160.1021,162.3395,2181
1704255200000,162.3395,164.8462,161.8525,164.3531,2182
1704258800000,164.3531,167.1003,163.8601,166.6005,2183
1704262400000,166.6005,169.5602,166.1007,169.0531,2184
1704266000000,169.0531,172.1937,168.5459,171.6786,2185
1704269600000,171.6786,174.9644,171.1636,174.4411,2186
1704273200000,174.4411,177.8328,173.9177,177.3009,2187
1704276800000,177.3009,180.7563,176.7690,180.2157,2188
1704280400000,180.2157,183.6903,179.6750,183.1409,2189
1704284000000,183.1409,186.5884,182.5914,186.0303,2190
1704287600000,186.0303,189.4040,185.4722,188.8375,2191
1704291200000,188.8375,192.0913,188.2710,191.5168,2192
1704294800000,191.5168,194.6063,190.9422,194.0242,2193
1704298400000,194.0242,196.9084,193.4422,196.3195,2194
1704302000000,196.3195,198.9616,195.7305,198.3665,2195
1704305600000,198.3665,200.7355,197.7714,200.1351,2196
1704309200000,200.1351,202.2067,199.5347,201.6019,2197
1704312800000,201.6019,203.3596,200.9971,202.7513,2198
1704316400000,202.7513,204.1866,202.1431,203.5758,2199
